links,
https://www.cian.ru/sale/flat/306796067/,
https://www.cian.ru/sale/flat/304330219/,
https://www.cian.ru/sale/flat/301450189/,
https://www.cian.ru/sale/flat/296640150/,
https://www.cian.ru/sale/flat/304330115/,
https://www.cian.ru/sale/flat/306736476/,
https://www.cian.ru/sale/flat/306567972/,
https://www.cian.ru/sale/flat/304330096/,
https://www.cian.ru/sale/flat/306510579/,
https://www.cian.ru/sale/flat/306514766/,
https://www.cian.ru/sale/flat/304330043/,
https://www.cian.ru/sale/flat/306467445/,
https://www.cian.ru/sale/flat/305005720/,
https://www.cian.ru/sale/flat/304330039/,
https://www.cian.ru/sale/flat/305913440/,
https://www.cian.ru/sale/flat/306467503/,
https://www.cian.ru/sale/flat/305932404/,
https://www.cian.ru/sale/flat/306771748/,
https://www.cian.ru/sale/flat/296640175/,
https://www.cian.ru/sale/flat/302081797/,
https://www.cian.ru/sale/flat/305430394/,
https://www.cian.ru/sale/flat/306568424/,
https://www.cian.ru/sale/flat/306567075/,
https://www.cian.ru/sale/flat/301496936/,
https://www.cian.ru/sale/flat/306515308/,
https://www.cian.ru/sale/flat/305049160/,
https://www.cian.ru/sale/flat/305698982/,
https://www.cian.ru/sale/flat/306829888/,
